person_id,time,lon,lat,mode,purpose
p0000,2026-05-11 08:58:00,139.9511232541224,35.89281713768398,walk,study
p0000,2026-05-11 09:03:00,139.94808544779335,35.89454474414111,walk,study
p0000,2026-05-11 09:08:00,139.9465005479763,35.89549411959488,walk,study
p0000,2026-05-11 09:13:00,139.9442304159469,35.8968077892912,walk,study
p0000,2026-05-11 09:18:00,139.94293572065666,35.897523110744146,walk,study
p0000,2026-05-11 09:23:00,139.94106440140027,35.89866362826979,walk,study
p0000,2026-05-11 09:28:00,139.9381418898203,35.89962906277443,walk,study
p0000,2026-05-11 09:33:00,139.9360685028296,35.90080745760546,walk,study
p0001,2026-05-11 09:17:00,139.95039358170504,35.893927889468536,walk,work
p0001,2026-05-11 09:22:00,139.9486018903045,35.894350085262246,walk,work
p0001,2026-05-11 09:27:00,139.94648439704517,35.89568630821495,walk,work
p0001,2026-05-11 09:32:00,139.94477873554325,35.89664445641406,walk,work
p0001,2026-05-11 09:37:00,139.94277958373706,35.898249576660305,walk,work
p0001,2026-05-11 09:42:00,139.94037425609974,35.898320715044825,walk,work
p0001,2026-05-11 09:47:00,139.93816237370086,35.899715592797904,walk,work
p0001,2026-05-11 09:52:00,139.9370080375317,35.90046011838982,walk,work
p0002,2026-05-11 08:29:00,139.95103446437705,35.89369010399391,walk,study
p0002,2026-05-11 08:34:00,139.94837194920316,35.89458125646308,walk,study
p0002,2026-05-11 08:39:00,139.946695365757,35.89557654100886,walk,study
p0002,2026-05-11 08:44:00,139.94500642866439,35.89657825844208,walk,study
p0002,2026-05-11 08:49:00,139.9428912253891,35.89752365267432,walk,study
p0002,2026-05-11 08:54:00,139.94068724658655,35.89872095087904,walk,study
p0002,2026-05-11 08:59:00,139.93787285130963,35.89938811507428,walk,study
p0002,2026-05-11 09:04:00,139.93628833230557,35.90027639275311,walk,study
p0003,2026-05-11 09:00:00,139.93611037599794,35.90083889742411,walk,commute
p0003,2026-05-11 09:05:00,139.93777128003134,35.89938279023951,walk,commute
p0003,2026-05-11 09:10:00,139.94063038173644,35.89870517781598,walk,commute
p0003,2026-05-11 09:15:00,139.9429057662466,35.89777767153232,walk,commute
p0003,2026-05-11 09:20:00,139.9444573594318,35.89633817687257,walk,commute
p0003,2026-05-11 09:25:00,139.94702894628944,35.8954330434863,walk,commute
p0003,2026-05-11 09:30:00,139.94809736972593,35.8941033494751,walk,commute
p0003,2026-05-11 09:35:00,139.9502862464713,35.89367400626042,walk,commute
p0004,2026-05-11 08:39:00,139.950771342861,35.89371895663789,bus,commute
p0004,2026-05-11 08:44:00,139.94853222262856,35.89465987133315,bus,commute
p0004,2026-05-11 08:49:00,139.94634499046938,35.89537293115371,bus,commute
p0004,2026-05-11 08:54:00,139.944442503662,35.896081456124044,bus,commute
p0004,2026-05-11 08:59:00,139.94280485190205,35.89733570918093,bus,commute
p0004,2026-05-11 09:04:00,139.94056276521056,35.89866826133061,bus,commute
p0004,2026-05-11 09:09:00,139.9387295104578,35.89973288478814,bus,commute
p0004,2026-05-11 09:14:00,139.93645568153195,35.900351845590784,bus,commute
p0005,2026-05-11 08:50:00,139.95004879938742,35.89303705513568,bus,study
p0005,2026-05-11 08:55:00,139.948222667499,35.89463992097935,bus,study
p0005,2026-05-11 09:00:00,139.94623539156797,35.89536764310609,bus,study
p0005,2026-05-11 09:05:00,139.9451989384483,35.89637530761013,bus,study
p0005,2026-05-11 09:10:00,139.94291759629152,35.897173233812,bus,study
p0005,2026-05-11 09:15:00,139.94046469595608,35.89816749228078,bus,study
p0005,2026-05-11 09:20:00,139.93837600654442,35.899794107848116,bus,study
p0005,2026-05-11 09:25:00,139.93572270580955,35.90065204827524,bus,study
p0006,2026-05-11 08:49:00,139.95073245827848,35.89331467755183,walk,study
p0006,2026-05-11 08:54:00,139.94877613286653,35.894507648250936,walk,study
p0006,2026-05-11 08:59:00,139.94736365764396,35.89541622553039,walk,study
p0006,2026-05-11 09:04:00,139.9441537118426,35.896562746472235,walk,study
p0006,2026-05-11 09:09:00,139.9426847127935,35.897975715651334,walk,study
p0006,2026-05-11 09:14:00,139.94093294291778,35.8986249048707,walk,study
p0006,2026-05-11 09:19:00,139.9391870577296,35.89908393293099,walk,study
p0006,2026-05-11 09:24:00,139.93621211181025,35.90017569842051,walk,study
p0007,2026-05-11 09:17:00,139.95098581792607,35.89342222205602,walk,study
p0007,2026-05-11 09:22:00,139.94800956573891,35.89414454732158,walk,study
p0007,2026-05-11 09:27:00,139.94678393837424,35.89579334429877,walk,study
p0007,2026-05-11 09:32:00,139.94551281461557,35.89751985186311,walk,study
p0007,2026-05-11 09:37:00,139.9427721985307,35.89715366165799,walk,study
p0007,2026-05-11 09:42:00,139.9395977220308,35.89859369901182,walk,study
p0007,2026-05-11 09:47:00,139.93816274793568,35.89935462495894,walk,study
p0007,2026-05-11 09:52:00,139.9362245564404,35.900450723189756,walk,study
p0008,2026-05-11 08:00:00,139.95023395581123,35.89291386096936,bike,study
p0008,2026-05-11 08:05:00,139.94845259001235,35.89448117610721,bike,study
p0008,2026-05-11 08:10:00,139.947438425604,35.89554559608252,bike,study
p0008,2026-05-11 08:15:00,139.94505651849425,35.89632524654051,bike,study
p0008,2026-05-11 08:20:00,139.94205248959082,35.89716220913322,bike,study
p0008,2026-05-11 08:25:00,139.9402307911281,35.89924496440635,bike,study
p0008,2026-05-11 08:30:00,139.93815894742292,35.89979347122131,bike,study
p0008,2026-05-11 08:35:00,139.93609368276987,35.90082605055451,bike,study
p0009,2026-05-11 08:12:00,139.95068165686325,35.893270824306605,bus,study
p0009,2026-05-11 08:17:00,139.9488721610621,35.89434075578188,bus,study
p0009,2026-05-11 08:22:00,139.94609133454918,35.89505272184899,bus,study
p0009,2026-05-11 08:27:00,139.94469195027727,35.89705268193975,bus,study
p0009,2026-05-11 08:32:00,139.9426577105118,35.89745847658586,bus,study
p0009,2026-05-11 08:37:00,139.94068576461996,35.89895710060959,bus,study
p0009,2026-05-11 08:42:00,139.9386272935542,35.89935617546921,bus,study
p0009,2026-05-11 08:47:00,139.93699782991953,35.900650064753464,bus,study
p0010,2026-05-11 08:34:00,139.95008432836036,35.89407782477628,walk,commute
p0010,2026-05-11 08:39:00,139.9494470781458,35.89443716827535,walk,commute
p0010,2026-05-11 08:44:00,139.94647042284836,35.89601150550229,walk,commute
p0010,2026-05-11 08:49:00,139.94411611515739,35.89618684554337,walk,commute
p0010,2026-05-11 08:54:00,139.94287521134333,35.897361888207,walk,commute
p0010,2026-05-11 08:59:00,139.9405548380171,35.89844279498551,walk,commute
p0010,2026-05-11 09:04:00,139.93868047997555,35.89999261865146,walk,commute
p0010,2026-05-11 09:09:00,139.93654076320811,35.90072537857765,walk,commute
p0011,2026-05-11 09:24:00,139.93612054637836,35.90007341542885,walk,study
p0011,2026-05-11 09:29:00,139.93813340286346,35.899383056795756,walk,study
p0011,2026-05-11 09:34:00,139.94096929900118,35.89803576254879,walk,study
p0011,2026-05-11 09:39:00,139.94259949845738,35.897330540698334,walk,study
p0011,2026-05-11 09:44:00,139.94446683282183,35.89685096523886,walk,study
p0011,2026-05-11 09:49:00,139.94688500908953,35.89596808933761,walk,study
p0011,2026-05-11 09:54:00,139.94860190101576,35.89425642008592,walk,study
p0011,2026-05-11 09:59:00,139.9505992635324,35.89358487387695,walk,study
p0012,2026-05-11 09:15:00,139.95080270274858,35.89438111591314,walk,work
p0012,2026-05-11 09:20:00,139.9495160086465,35.8942013648273,walk,work
p0012,2026-05-11 09:25:00,139.94651353463018,35.894987795299365,walk,work
p0012,2026-05-11 09:30:00,139.944348467558,35.89661046175126,walk,work
p0012,2026-05-11 09:35:00,139.94312834841512,35.89724482065679,walk,work
p0012,2026-05-11 09:40:00,139.9402627769591,35.89774844883959,walk,work
p0012,2026-05-11 09:45:00,139.93845537176432,35.899128154955854,walk,work
p0012,2026-05-11 09:50:00,139.93626175225768,35.90019309872764,walk,work
p0013,2026-05-11 08:12:00,139.9500398296396,35.89424523648921,bike,work
p0013,2026-05-11 08:17:00,139.94809208840985,35.89411612504754,bike,work
p0013,2026-05-11 08:22:00,139.94746946823062,35.89651677350924,bike,work
p0013,2026-05-11 08:27:00,139.94408708073132,35.896371112865125,bike,work
p0013,2026-05-11 08:32:00,139.94273941428364,35.898105044175544,bike,work
p0013,2026-05-11 08:37:00,139.94011305717183,35.89841415275392,bike,work
p0013,2026-05-11 08:42:00,139.93887837333781,35.89965216812607,bike,work
p0013,2026-05-11 08:47:00,139.93633072976795,35.90045316196242,bike,work
p0014,2026-05-11 08:48:00,139.93660447645033,35.900305635473416,walk,work
p0014,2026-05-11 08:53:00,139.93874076376372,35.89985445053624,walk,work
p0014,2026-05-11 08:58:00,139.94062708605458,35.89862311474294,walk,work
p0014,2026-05-11 09:03:00,139.9426096341921,35.89750002953758,walk,work
p0014,2026-05-11 09:08:00,139.9442895845992,35.896610772991586,walk,work
p0014,2026-05-11 09:13:00,139.9465990781736,35.89623260890813,walk,work
p0014,2026-05-11 09:18:00,139.94937943827753,35.894635046293395,walk,work
p0014,2026-05-11 09:23:00,139.95035662425565,35.893110655984806,walk,work
p0015,2026-05-11 08:04:00,139.95091606453153,35.892889394904564,walk,commute
p0015,2026-05-11 08:09:00,139.94908877588813,35.894659047118374,walk,commute
p0015,2026-05-11 08:14:00,139.94614316333488,35.8953349663174,walk,commute
p0015,2026-05-11 08:19:00,139.94473295845626,35.89651836337943,walk,commute
p0015,2026-05-11 08:24:00,139.9424542372521,35.897463779106175,walk,commute
p0015,2026-05-11 08:29:00,139.94044375303693,35.89855339687924,walk,commute
p0015,2026-05-11 08:34:00,139.93919074281644,35.89860166954568,walk,commute
p0015,2026-05-11 08:39:00,139.93639341738097,35.900561779347484,walk,commute
p0016,2026-05-11 08:05:00,139.95084759796768,35.89410457257496,walk,study
p0016,2026-05-11 08:10:00,139.94798119093923,35.8948023398048,walk,study
p0016,2026-05-11 08:15:00,139.94649502079247,35.89547853647897,walk,study
p0016,2026-05-11 08:20:00,139.94414048138447,35.89638294033968,walk,study
p0016,2026-05-11 08:25:00,139.94317073435332,35.897703929334696,walk,study
p0016,2026-05-11 08:30:00,139.94133668307956,35.89891209416114,walk,study
p0016,2026-05-11 08:35:00,139.9387261604341,35.90011037708416,walk,study
p0016,2026-05-11 08:40:00,139.93669754692144,35.90078979586188,walk,study
p0017,2026-05-11 08:43:00,139.95038615927953,35.89384635437711,bus,study
p0017,2026-05-11 08:48:00,139.94814119194103,35.89477382261985,bus,study
p0017,2026-05-11 08:53:00,139.946557064167,35.89590993648272,bus,study
p0017,2026-05-11 08:58:00,139.94495217675922,35.89713722615518,bus,study
p0017,2026-05-11 09:03:00,139.94291456289673,35.89694978591052,bus,study
p0017,2026-05-11 09:08:00,139.9405270139293,35.89808979748259,bus,study
p0017,2026-05-11 09:13:00,139.9382953454995,35.90002892995165,bus,study
p0017,2026-05-11 09:18:00,139.9367868902149,35.900255374349996,bus,study
p0018,2026-05-11 08:08:00,139.95039798687517,35.893609203315044,walk,work
p0018,2026-05-11 08:13:00,139.9491913189877,35.89471306651528,walk,work
p0018,2026-05-11 08:18:00,139.945611776864,35.89560652835517,walk,work
p0018,2026-05-11 08:23:00,139.94464670082226,35.89664486159988,walk,work
p0018,2026-05-11 08:28:00,139.94331300864246,35.89677786660312,walk,work
p0018,2026-05-11 08:33:00,139.9402911463158,35.898706817212975,walk,work
p0018,2026-05-11 08:38:00,139.93781685394882,35.90001658216682,walk,work
p0018,2026-05-11 08:43:00,139.9366657604757,35.900796304395044,walk,work
p0019,2026-05-11 08:53:00,139.95118081220022,35.893581507307054,walk,work
p0019,2026-05-11 08:58:00,139.94877690897314,35.89459462013375,walk,work
p0019,2026-05-11 09:03:00,139.94625435177375,35.89544836496192,walk,work
p0019,2026-05-11 09:08:00,139.9445456505747,35.89663418785253,walk,work
p0019,2026-05-11 09:13:00,139.94303563519682,35.89712951237131,walk,work
p0019,2026-05-11 09:18:00,139.94050088879348,35.89901850944168,walk,work
p0019,2026-05-11 09:23:00,139.9381939567256,35.89921221249395,walk,work
p0019,2026-05-11 09:28:00,139.93659103778631,35.90079553481667,walk,work
p0020,2026-05-11 08:58:00,139.9510788190301,35.893693940775464,bike,commute
p0020,2026-05-11 09:03:00,139.94971887246658,35.8944281934089,bike,commute
p0020,2026-05-11 09:08:00,139.94574127211143,35.896061489026536,bike,commute
p0020,2026-05-11 09:13:00,139.94440832097035,35.896537758155525,bike,commute
p0020,2026-05-11 09:18:00,139.9431750120939,35.89693920916063,bike,commute
p0020,2026-05-11 09:23:00,139.9399939016108,35.89793955272201,bike,commute
p0020,2026-05-11 09:28:00,139.93817121009806,35.89965387281211,bike,commute
p0020,2026-05-11 09:33:00,139.93673588452927,35.90059669596277,bike,commute
p0021,2026-05-11 09:04:00,139.93652445911343,35.90033487838823,walk,work
p0021,2026-05-11 09:09:00,139.93873529502585,35.89974568376918,walk,work
p0021,2026-05-11 09:14:00,139.94061935150157,35.89876604657988,walk,work
p0021,2026-05-11 09:19:00,139.94268885940406,35.89768552264696,walk,work
p0021,2026-05-11 09:24:00,139.944297182746,35.89643713600516,walk,work
p0021,2026-05-11 09:29:00,139.94673140638636,35.8957871849664,walk,work
p0021,2026-05-11 09:34:00,139.94849424504392,35.89468240853951,walk,work
p0021,2026-05-11 09:39:00,139.95058037254364,35.89345886024144,walk,work
p0022,2026-05-11 09:13:00,139.93583301657114,35.89968323435805,bus,work
p0022,2026-05-11 09:18:00,139.9382233524305,35.89976230186491,bus,work
p0022,2026-05-11 09:23:00,139.94042894502726,35.89856922652868,bus,work
p0022,2026-05-11 09:28:00,139.94307586215922,35.897964690146296,bus,work
p0022,2026-05-11 09:33:00,139.94458317364368,35.89697375506135,bus,work
p0022,2026-05-11 09:38:00,139.94668431413916,35.89520691062167,bus,work
p0022,2026-05-11 09:43:00,139.94840394841293,35.8939818122206,bus,work
p0022,2026-05-11 09:48:00,139.95030033976582,35.89337469415918,bus,work
p0023,2026-05-11 09:12:00,139.9500780183181,35.893637489613894,walk,work
p0023,2026-05-11 09:17:00,139.9482031837988,35.89466614398096,walk,work
p0023,2026-05-11 09:22:00,139.94658386815007,35.89485918296096,walk,work
p0023,2026-05-11 09:27:00,139.9450320193605,35.89628824975052,walk,work
p0023,2026-05-11 09:32:00,139.94234545917845,35.89712558665605,walk,work
p0023,2026-05-11 09:37:00,139.94026271538263,35.89864976165424,walk,work
p0023,2026-05-11 09:42:00,139.93844341147516,35.899615031700804,walk,work
p0023,2026-05-11 09:47:00,139.93666286483426,35.900962231579435,walk,work
p0024,2026-05-11 08:37:00,139.95055083032256,35.8938901073556,walk,study
p0024,2026-05-11 08:42:00,139.94884394827235,35.89445410186443,walk,study
p0024,2026-05-11 08:47:00,139.9467998062952,35.89618285439605,walk,study
p0024,2026-05-11 08:52:00,139.94554892695237,35.8965242833973,walk,study
p0024,2026-05-11 08:57:00,139.9426578000527,35.89787668405511,walk,study
p0024,2026-05-11 09:02:00,139.9401765953924,35.89861657463042,walk,study
p0024,2026-05-11 09:07:00,139.93851693314699,35.89960986787401,walk,study
p0024,2026-05-11 09:12:00,139.93612498403732,35.89994365137734,walk,study
p0025,2026-05-11 09:02:00,139.9504935961218,35.89339738294468,bus,commute
p0025,2026-05-11 09:07:00,139.9495431825945,35.894887097679465,bus,commute
p0025,2026-05-11 09:12:00,139.94620991614053,35.89562169795836,bus,commute
p0025,2026-05-11 09:17:00,139.94443110050793,35.89640047265669,bus,commute
p0025,2026-05-11 09:22:00,139.94266911082795,35.89771670989094,bus,commute
p0025,2026-05-11 09:27:00,139.94040447653938,35.898872348036456,bus,commute
p0025,2026-05-11 09:32:00,139.9380146992268,35.89950221867183,bus,commute
p0025,2026-05-11 09:37:00,139.93766895317697,35.90057807790992,bus,commute
p0026,2026-05-11 08:50:00,139.95067444756253,35.8934403573466,bike,commute
p0026,2026-05-11 08:55:00,139.94832066149291,35.89465060547563,bike,commute
p0026,2026-05-11 09:00:00,139.94625966540775,35.89573295483272,bike,commute
p0026,2026-05-11 09:05:00,139.94510266486628,35.896628285992534,bike,commute
p0026,2026-05-11 09:10:00,139.94245690235562,35.89765888795276,bike,commute
p0026,2026-05-11 09:15:00,139.94041823998214,35.898827441493914,bike,commute
p0026,2026-05-11 09:20:00,139.93770443869067,35.89938253742116,bike,commute
p0026,2026-05-11 09:25:00,139.9356041346022,35.89997672870942,bike,commute
p0027,2026-05-11 09:22:00,139.95037623389504,35.89297412379039,bus,commute
p0027,2026-05-11 09:27:00,139.9473373905944,35.89430977657222,bus,commute
p0027,2026-05-11 09:32:00,139.94773204389838,35.89565220949502,bus,commute
p0027,2026-05-11 09:37:00,139.94436247818558,35.89666277807333,bus,commute
p0027,2026-05-11 09:42:00,139.94188328302687,35.89739593682306,bus,commute
p0027,2026-05-11 09:47:00,139.94060190771998,35.89846986477186,bus,commute
p0027,2026-05-11 09:52:00,139.93888443418334,35.899620625829186,bus,commute
p0027,2026-05-11 09:57:00,139.93680074670814,35.90025906970122,bus,commute
p0028,2026-05-11 09:22:00,139.95030053695493,35.89396752451771,bike,work
p0028,2026-05-11 09:27:00,139.94858532377742,35.89499133748723,bike,work
p0028,2026-05-11 09:32:00,139.94644371607254,35.8960092659517,bike,work
p0028,2026-05-11 09:37:00,139.94467345433185,35.89659038008816,bike,work
p0028,2026-05-11 09:42:00,139.94328983739547,35.897373380332894,bike,work
p0028,2026-05-11 09:47:00,139.94013363791396,35.89834300252719,bike,work
p0028,2026-05-11 09:52:00,139.93873212170638,35.89895198432474,bike,work
p0028,2026-05-11 09:57:00,139.9367868619062,35.90031143003883,bike,work
p0029,2026-05-11 08:50:00,139.9503460454012,35.89290973614707,bus,study
p0029,2026-05-11 08:55:00,139.94829962531156,35.89458668306539,bus,study
p0029,2026-05-11 09:00:00,139.94656220516143,35.89541131785087,bus,study
p0029,2026-05-11 09:05:00,139.9445426525222,35.89657118588422,bus,study
p0029,2026-05-11 09:10:00,139.94213187306684,35.89774739737432,bus,study
p0029,2026-05-11 09:15:00,139.9408553425438,35.89863476327818,bus,study
p0029,2026-05-11 09:20:00,139.9387790114778,35.899603746300286,bus,study
p0029,2026-05-11 09:25:00,139.93741578298622,35.90046951704013,bus,study
p0030,2026-05-11 08:27:00,139.9501399876956,35.893188920940375,walk,commute
p0030,2026-05-11 08:32:00,139.9486396223997,35.894617003294975,walk,commute
p0030,2026-05-11 08:37:00,139.94666587106923,35.89523206265291,walk,commute
p0030,2026-05-11 08:42:00,139.9450193687681,35.89675879443531,walk,commute
p0030,2026-05-11 08:47:00,139.94251387254738,35.89727147934937,walk,commute
p0030,2026-05-11 08:52:00,139.9408039354215,35.89856579075562,walk,commute
p0030,2026-05-11 08:57:00,139.93787691416185,35.89947620691041,walk,commute
p0030,2026-05-11 09:02:00,139.93661791611544,35.90018510682473,walk,commute
p0031,2026-05-11 09:16:00,139.951301283745,35.89393678249478,bus,work
p0031,2026-05-11 09:21:00,139.948557795771,35.894627209018246,bus,work
p0031,2026-05-11 09:26:00,139.94555839225828,35.89509527831891,bus,work
p0031,2026-05-11 09:31:00,139.94448208520024,35.89612475344251,bus,work
p0031,2026-05-11 09:36:00,139.9429071927029,35.89819905378576,bus,work
p0031,2026-05-11 09:41:00,139.9400276662334,35.89820688780857,bus,work
p0031,2026-05-11 09:46:00,139.9386345231943,35.90006389065198,bus,work
p0031,2026-05-11 09:51:00,139.93594993155935,35.90058716264281,bus,work
p0032,2026-05-11 09:27:00,139.94995670838333,35.89305162577761,bus,study
p0032,2026-05-11 09:32:00,139.94848080559854,35.8943177940555,bus,study
p0032,2026-05-11 09:37:00,139.94700852772237,35.89558458090194,bus,study
p0032,2026-05-11 09:42:00,139.94381555278744,35.89668039364102,bus,study
p0032,2026-05-11 09:47:00,139.9423258217864,35.89794605652593,bus,study
p0032,2026-05-11 09:52:00,139.94027472846574,35.898277184650915,bus,study
p0032,2026-05-11 09:57:00,139.93877208065345,35.89976702426882,bus,study
p0032,2026-05-11 10:02:00,139.93670164471376,35.89991004093891,bus,study
p0033,2026-05-11 08:31:00,139.9366058742502,35.90000169294761,walk,commute
p0033,2026-05-11 08:36:00,139.93872941639498,35.899217690383495,walk,commute
p0033,2026-05-11 08:41:00,139.9399799572645,35.89874983704777,walk,commute
p0033,2026-05-11 08:46:00,139.94269445432047,35.89728510811951,walk,commute
p0033,2026-05-11 08:51:00,139.94526731619635,35.896345771652456,walk,commute
p0033,2026-05-11 08:56:00,139.94665730559618,35.89559411970669,walk,commute
p0033,2026-05-11 09:01:00,139.94839257890106,35.89466489770269,walk,commute
p0033,2026-05-11 09:06:00,139.9504599464438,35.893355926587226,walk,commute
p0034,2026-05-11 08:22:00,139.95142492164777,35.89439226478341,walk,study
p0034,2026-05-11 08:27:00,139.94848905740199,35.89382210668578,walk,study
p0034,2026-05-11 08:32:00,139.94650313935358,35.89539982196756,walk,study
p0034,2026-05-11 08:37:00,139.94452881998583,35.89611031418533,walk,study
p0034,2026-05-11 08:42:00,139.94284651679982,35.897683577581354,walk,study
p0034,2026-05-11 08:47:00,139.9398846603282,35.89874471885609,walk,study
p0034,2026-05-11 08:52:00,139.93945227967046,35.899560186116354,walk,study
p0034,2026-05-11 08:57:00,139.93634820367706,35.90045029887496,walk,study
p0035,2026-05-11 09:16:00,139.9501281480605,35.89289426493808,walk,work
p0035,2026-05-11 09:21:00,139.94874540438778,35.89436333761769,walk,work
p0035,2026-05-11 09:26:00,139.9474743783987,35.89543903954318,walk,work
p0035,2026-05-11 09:31:00,139.9453648351393,35.89611369075578,walk,work
p0035,2026-05-11 09:36:00,139.94284998091078,35.89761179009233,walk,work
p0035,2026-05-11 09:41:00,139.9401660715956,35.89856208864012,walk,work
p0035,2026-05-11 09:46:00,139.93907420490515,35.8993866729035,walk,work
p0035,2026-05-11 09:51:00,139.93573861680787,35.90049385301074,walk,work
p0036,2026-05-11 09:28:00,139.9499324565028,35.89293451958124,walk,study
p0036,2026-05-11 09:33:00,139.94888835864742,35.894317048456344,walk,study
p0036,2026-05-11 09:38:00,139.94548872218905,35.89577469541282,walk,study
p0036,2026-05-11 09:43:00,139.94473685210417,35.89625014381159,walk,study
p0036,2026-05-11 09:48:00,139.94199314069073,35.89779253276371,walk,study
p0036,2026-05-11 09:53:00,139.94071435063728,35.89933391079894,walk,study
p0036,2026-05-11 09:58:00,139.938717656298,35.899635696099445,walk,study
p0036,2026-05-11 10:03:00,139.93642488243145,35.90078587155352,walk,study
p0037,2026-05-11 09:20:00,139.95046540468664,35.89334760738447,bike,work
p0037,2026-05-11 09:25:00,139.94845583214453,35.89477678060241,bike,work
p0037,2026-05-11 09:30:00,139.947317125641,35.8953394058274,bike,work
p0037,2026-05-11 09:35:00,139.94442313753677,35.89660992702836,bike,work
p0037,2026-05-11 09:40:00,139.9424751216107,35.8978332187786,bike,work
p0037,2026-05-11 09:45:00,139.93954384307636,35.898210653233576,bike,work
p0037,2026-05-11 09:50:00,139.9381764840783,35.898687875395666,bike,work
p0037,2026-05-11 09:55:00,139.93606636270002,35.900179695359455,bike,work
p0038,2026-05-11 09:11:00,139.95023613382588,35.89348006591058,walk,commute
p0038,2026-05-11 09:16:00,139.94914355670107,35.89415841441436,walk,commute
p0038,2026-05-11 09:21:00,139.9462330984451,35.89569549213575,walk,commute
p0038,2026-05-11 09:26:00,139.94451459446222,35.896726619641754,walk,commute
p0038,2026-05-11 09:31:00,139.9425795732294,35.89774558227683,walk,commute
p0038,2026-05-11 09:36:00,139.94009135770582,35.89849577037222,walk,commute
p0038,2026-05-11 09:41:00,139.93843376092212,35.89907443817657,walk,commute
p0038,2026-05-11 09:46:00,139.93579643492345,35.900740012162345,walk,commute
p0039,2026-05-11 08:04:00,139.9506567194784,35.89389480660007,walk,work
p0039,2026-05-11 08:09:00,139.947645096541,35.89397617645854,walk,work
p0039,2026-05-11 08:14:00,139.94622755824403,35.89601141260336,walk,work
p0039,2026-05-11 08:19:00,139.94474144985662,35.896768561034165,walk,work
p0039,2026-05-11 08:24:00,139.9420726418721,35.89710816244366,walk,work
p0039,2026-05-11 08:29:00,139.94075865902965,35.898520396015826,walk,work
p0039,2026-05-11 08:34:00,139.93877550389706,35.89943431515318,walk,work
p0039,2026-05-11 08:39:00,139.9366251646769,35.90055534167972,walk,work
p0040,2026-05-11 09:13:00,139.9496887291501,35.89385061088918,walk,commute
p0040,2026-05-11 09:18:00,139.9492059048634,35.894142781943174,walk,commute
p0040,2026-05-11 09:23:00,139.94580593120992,35.89553466218736,walk,commute
p0040,2026-05-11 09:28:00,139.94503316291616,35.897129158082855,walk,commute
p0040,2026-05-11 09:33:00,139.94281804819315,35.897369899156196,walk,commute
p0040,2026-05-11 09:38:00,139.94015523407742,35.898504007952084,walk,commute
p0040,2026-05-11 09:43:00,139.93839390231182,35.899144726233,walk,commute
p0040,2026-05-11 09:48:00,139.9374219400429,35.90112480894073,walk,commute
p0041,2026-05-11 08:09:00,139.95108475869594,35.893723869243324,bus,work
p0041,2026-05-11 08:14:00,139.94887057410233,35.894937382843466,bus,work
p0041,2026-05-11 08:19:00,139.94692877415716,35.895759004982715,bus,work
p0041,2026-05-11 08:24:00,139.9449008935418,35.8966192769928,bus,work
p0041,2026-05-11 08:29:00,139.94178308927735,35.897529267377095,bus,work
p0041,2026-05-11 08:34:00,139.94030685647564,35.89805205566483,bus,work
p0041,2026-05-11 08:39:00,139.93928538890725,35.90010514836931,bus,work
p0041,2026-05-11 08:44:00,139.93711164927012,35.9005893246959,bus,work
p0042,2026-05-11 08:21:00,139.9502079378833,35.89363894695658,walk,work
p0042,2026-05-11 08:26:00,139.94869860223923,35.89404407175911,walk,work
p0042,2026-05-11 08:31:00,139.94661981844257,35.89547209465265,walk,work
p0042,2026-05-11 08:36:00,139.9454231882393,35.89681297466498,walk,work
p0042,2026-05-11 08:41:00,139.9425908647333,35.897587075558434,walk,work
p0042,2026-05-11 08:46:00,139.94057703842728,35.89842898010532,walk,work
p0042,2026-05-11 08:51:00,139.93804147918976,35.89944713184284,walk,work
p0042,2026-05-11 08:56:00,139.9361642557845,35.90006238956138,walk,work
p0043,2026-05-11 08:12:00,139.9498959816199,35.89345706037688,walk,study
p0043,2026-05-11 08:17:00,139.9491194941951,35.89487072830862,walk,study
p0043,2026-05-11 08:22:00,139.94710448372217,35.89551361962242,walk,study
p0043,2026-05-11 08:27:00,139.9442340153167,35.896120705410425,walk,study
p0043,2026-05-11 08:32:00,139.94274078649286,35.89763274801203,walk,study
p0043,2026-05-11 08:37:00,139.94113644185737,35.89888499287762,walk,study
p0043,2026-05-11 08:42:00,139.93846906853315,35.8990645279424,walk,study
p0043,2026-05-11 08:47:00,139.93635640203135,35.90057603091819,walk,study
p0044,2026-05-11 08:03:00,139.93627321901636,35.900280176870695,bus,study
p0044,2026-05-11 08:08:00,139.93866872520402,35.899359302596956,bus,study
p0044,2026-05-11 08:13:00,139.94066698983218,35.898595621408,bus,study
p0044,2026-05-11 08:18:00,139.94207297123523,35.89733156560665,bus,study
p0044,2026-05-11 08:23:00,139.94526128533727,35.896093272170546,bus,study
p0044,2026-05-11 08:28:00,139.94569036264085,35.89484835419637,bus,study
p0044,2026-05-11 08:33:00,139.94868452804738,35.89451082104731,bus,study
p0044,2026-05-11 08:38:00,139.95064707511506,35.893924966440125,bus,study
p0045,2026-05-11 08:46:00,139.95140264719083,35.89310527673229,walk,work
p0045,2026-05-11 08:51:00,139.94850051564111,35.89423648782897,walk,work
p0045,2026-05-11 08:56:00,139.94624040142213,35.89538580829825,walk,work
p0045,2026-05-11 09:01:00,139.94525665409196,35.897143085336424,walk,work
p0045,2026-05-11 09:06:00,139.94243454163444,35.898166771074926,walk,work
p0045,2026-05-11 09:11:00,139.94057315227178,35.89911379185934,walk,work
p0045,2026-05-11 09:16:00,139.93848658703624,35.899545870239116,walk,work
p0045,2026-05-11 09:21:00,139.93666446351267,35.90161259878778,walk,work
p0046,2026-05-11 08:34:00,139.95053717535833,35.89332858743599,walk,commute
p0046,2026-05-11 08:39:00,139.94908029918338,35.89451087995572,walk,commute
p0046,2026-05-11 08:44:00,139.9467682163044,35.89550489482766,walk,commute
p0046,2026-05-11 08:49:00,139.94476574812126,35.89664873806411,walk,commute
p0046,2026-05-11 08:54:00,139.941714079166,35.89773330043401,walk,commute
p0046,2026-05-11 08:59:00,139.9401152341182,35.897995195302556,walk,commute
p0046,2026-05-11 09:04:00,139.93850228636884,35.899529393351166,walk,commute
p0046,2026-05-11 09:09:00,139.93618792222594,35.900790861150185,walk,commute
p0047,2026-05-11 08:54:00,139.9504368066393,35.893483694455384,walk,study
p0047,2026-05-11 08:59:00,139.94879691749952,35.894147237467635,walk,study
p0047,2026-05-11 09:04:00,139.94696878434775,35.89552205082892,walk,study
p0047,2026-05-11 09:09:00,139.9437629099003,35.89581449299586,walk,study
p0047,2026-05-11 09:14:00,139.9425801706039,35.897422661438775,walk,study
p0047,2026-05-11 09:19:00,139.94051060380602,35.89849020614021,walk,study
p0047,2026-05-11 09:24:00,139.93863007335636,35.89983167736345,walk,study
p0047,2026-05-11 09:29:00,139.93600000279457,35.900089809942486,walk,study
p0048,2026-05-11 08:36:00,139.9363058972528,35.899624405054546,walk,work
p0048,2026-05-11 08:41:00,139.9377617746404,35.899208437147024,walk,work
p0048,2026-05-11 08:46:00,139.94030616485776,35.89835706398046,walk,work
p0048,2026-05-11 08:51:00,139.94260307579106,35.897390888784216,walk,work
p0048,2026-05-11 08:56:00,139.94508648853903,35.896263393943016,walk,work
p0048,2026-05-11 09:01:00,139.94625481406112,35.89566760643849,walk,work
p0048,2026-05-11 09:06:00,139.94798038963995,35.894636392096864,walk,work
p0048,2026-05-11 09:11:00,139.9507461489327,35.89344839512853,walk,work
p0049,2026-05-11 08:27:00,139.95162713417676,35.893421098992775,bus,work
p0049,2026-05-11 08:32:00,139.94809677117118,35.89452447185335,bus,work
p0049,2026-05-11 08:37:00,139.94615854680274,35.89523688545327,bus,work
p0049,2026-05-11 08:42:00,139.9447929506993,35.89669445373103,bus,work
p0049,2026-05-11 08:47:00,139.9423057388206,35.89784559180077,bus,work
p0049,2026-05-11 08:52:00,139.94107802134823,35.8990027056148,bus,work
p0049,2026-05-11 08:57:00,139.93876680746177,35.899977200049236,bus,work
p0049,2026-05-11 09:02:00,139.93565364070741,35.90038873270798,bus,work
p0050,2026-05-11 08:06:00,139.95062522897115,35.894158761208075,bike,commute
p0050,2026-05-11 08:11:00,139.94859505466303,35.89464482731102,bike,commute
p0050,2026-05-11 08:16:00,139.9465383359444,35.89552649965079,bike,commute
p0050,2026-05-11 08:21:00,139.94461699322048,35.896656913423094,bike,commute
p0050,2026-05-11 08:26:00,139.9431101026767,35.89807658789916,bike,commute
p0050,2026-05-11 08:31:00,139.940696471894,35.89870634141011,bike,commute
p0050,2026-05-11 08:36:00,139.93801068239944,35.89946924314016,bike,commute
p0050,2026-05-11 08:41:00,139.9369231302592,35.90080308902345,bike,commute
p0051,2026-05-11 09:09:00,139.95092084501906,35.8939201071904,walk,commute
p0051,2026-05-11 09:14:00,139.94880164019207,35.89437550558955,walk,commute
p0051,2026-05-11 09:19:00,139.9467939857085,35.89447429196846,walk,commute
p0051,2026-05-11 09:24:00,139.94478658429566,35.89522305551118,walk,commute
p0051,2026-05-11 09:29:00,139.9418101557524,35.89765811901033,walk,commute
p0051,2026-05-11 09:34:00,139.9407720310589,35.89809314992695,walk,commute
p0051,2026-05-11 09:39:00,139.93820812550973,35.89997968934602,walk,commute
p0051,2026-05-11 09:44:00,139.9362821864408,35.90128502210934,walk,commute
p0052,2026-05-11 08:57:00,139.9507589622023,35.89314917960676,bus,work
p0052,2026-05-11 09:02:00,139.94862205121817,35.89448753624234,bus,work
p0052,2026-05-11 09:07:00,139.9460287233994,35.89541045877504,bus,work
p0052,2026-05-11 09:12:00,139.944280299272,35.89682352521502,bus,work
p0052,2026-05-11 09:17:00,139.9426012896291,35.8974010214878,bus,work
p0052,2026-05-11 09:22:00,139.94050936098836,35.898578092706444,bus,work
p0052,2026-05-11 09:27:00,139.93880613781843,35.89915010071997,bus,work
p0052,2026-05-11 09:32:00,139.93603128556532,35.90088663772539,bus,work
p0053,2026-05-11 08:19:00,139.95089971571923,35.89366217943211,bus,study
p0053,2026-05-11 08:24:00,139.94798260670566,35.89458031860041,bus,study
p0053,2026-05-11 08:29:00,139.94697386953447,35.895631035258106,bus,study
p0053,2026-05-11 08:34:00,139.94489867738199,35.89600850581567,bus,study
p0053,2026-05-11 08:39:00,139.94273468235545,35.89739408308419,bus,study
p0053,2026-05-11 08:44:00,139.94033988728572,35.898804694463294,bus,study
p0053,2026-05-11 08:49:00,139.93919424495837,35.90012802951912,bus,study
p0053,2026-05-11 08:54:00,139.93709166354216,35.90046159303643,bus,study
p0054,2026-05-11 08:13:00,139.95075884388459,35.89378831359616,bus,study
p0054,2026-05-11 08:18:00,139.94864475138073,35.89424474957227,bus,study
p0054,2026-05-11 08:23:00,139.94645634426325,35.895721868632215,bus,study
p0054,2026-05-11 08:28:00,139.94461563269533,35.896619073491905,bus,study
p0054,2026-05-11 08:33:00,139.9428872499447,35.897368805487986,bus,study
p0054,2026-05-11 08:38:00,139.94089745453076,35.898632594911206,bus,study
p0054,2026-05-11 08:43:00,139.93797290553945,35.90000480667692,bus,study
p0054,2026-05-11 08:48:00,139.9362746648653,35.899920716629886,bus,study
p0055,2026-05-11 08:45:00,139.95072347799342,35.893404152323065,bike,work
p0055,2026-05-11 08:50:00,139.948519854186,35.89471689568792,bike,work
p0055,2026-05-11 08:55:00,139.9467958010554,35.89561061675473,bike,work
p0055,2026-05-11 09:00:00,139.9447987085201,35.8967156471338,bike,work
p0055,2026-05-11 09:05:00,139.94163713528192,35.897372446611705,bike,work
p0055,2026-05-11 09:10:00,139.93957604832812,35.89851262097438,bike,work
p0055,2026-05-11 09:15:00,139.9385264865911,35.89986593629618,bike,work
p0055,2026-05-11 09:20:00,139.93703443547673,35.90057097126689,bike,work
p0056,2026-05-11 08:49:00,139.95069937330686,35.89384514771094,walk,study
p0056,2026-05-11 08:54:00,139.94842043146573,35.894781987523736,walk,study
p0056,2026-05-11 08:59:00,139.94694768775878,35.89516582286401,walk,study
p0056,2026-05-11 09:04:00,139.945052538072,35.89674449822088,walk,study
p0056,2026-05-11 09:09:00,139.94263158093503,35.89723318678969,walk,study
p0056,2026-05-11 09:14:00,139.94017050014878,35.89831181809808,walk,study
p0056,2026-05-11 09:19:00,139.93877273893705,35.899165531191414,walk,study
p0056,2026-05-11 09:24:00,139.93669688051187,35.90006538556489,walk,study
p0057,2026-05-11 08:36:00,139.95180030856528,35.89301793952057,walk,work
p0057,2026-05-11 08:41:00,139.94933383512634,35.8945524448449,walk,work
p0057,2026-05-11 08:46:00,139.94682788450598,35.89554142176969,walk,work
p0057,2026-05-11 08:51:00,139.94481441278248,35.896446210213476,walk,work
p0057,2026-05-11 08:56:00,139.94324003686737,35.89734023509952,walk,work
p0057,2026-05-11 09:01:00,139.94106664841462,35.898274471507925,walk,work
p0057,2026-05-11 09:06:00,139.9385014580977,35.8991248131067,walk,work
p0057,2026-05-11 09:11:00,139.93670476067416,35.901005794084924,walk,work
p0058,2026-05-11 09:02:00,139.9363968183059,35.8999425220091,bus,study
p0058,2026-05-11 09:07:00,139.93811777633456,35.89957937511614,bus,study
p0058,2026-05-11 09:12:00,139.94115069879612,35.899483223801425,bus,study
p0058,2026-05-11 09:17:00,139.94232175099742,35.89800235505483,bus,study
p0058,2026-05-11 09:22:00,139.9447239743305,35.89644706332364,bus,study
p0058,2026-05-11 09:27:00,139.94683752464616,35.89552167076929,bus,study
p0058,2026-05-11 09:32:00,139.94872110664795,35.89435708339301,bus,study
p0058,2026-05-11 09:37:00,139.9500708506531,35.89295973117912,bus,study
p0059,2026-05-11 08:10:00,139.93623175999514,35.900502976969356,walk,study
p0059,2026-05-11 08:15:00,139.93888629094238,35.89956312738006,walk,study
p0059,2026-05-11 08:20:00,139.94026191813563,35.898929202534475,walk,study
p0059,2026-05-11 08:25:00,139.94329634776204,35.897673094829365,walk,study
p0059,2026-05-11 08:30:00,139.9450524342944,35.896934685998886,walk,study
p0059,2026-05-11 08:35:00,139.94715140183527,35.895714934712,walk,study
p0059,2026-05-11 08:40:00,139.9489406847426,35.894681881200675,walk,study
p0059,2026-05-11 08:45:00,139.95020619804646,35.8937452531049,walk,study
p0060,2026-05-11 09:21:00,139.95107809907321,35.89402058940139,bike,work
p0060,2026-05-11 09:26:00,139.94854917509878,35.89409671290555,bike,work
p0060,2026-05-11 09:31:00,139.94653466040418,35.89553571095404,bike,work
p0060,2026-05-11 09:36:00,139.94464983063665,35.89689678816757,bike,work
p0060,2026-05-11 09:41:00,139.94242314259446,35.897623212065135,bike,work
p0060,2026-05-11 09:46:00,139.9401122606399,35.89865761104731,bike,work
p0060,2026-05-11 09:51:00,139.93852997027616,35.8992375653316,bike,work
p0060,2026-05-11 09:56:00,139.936393876787,35.90043553848872,bike,work
p0061,2026-05-11 08:37:00,139.95065569929898,35.89341463636144,bus,work
p0061,2026-05-11 08:42:00,139.9477275756405,35.89418702742681,bus,work
p0061,2026-05-11 08:47:00,139.94652447410186,35.89525995156335,bus,work
p0061,2026-05-11 08:52:00,139.94523605413133,35.89644227177862,bus,work
p0061,2026-05-11 08:57:00,139.94316551419791,35.89752159662192,bus,work
p0061,2026-05-11 09:02:00,139.94057389538352,35.8984689212433,bus,work
p0061,2026-05-11 09:07:00,139.9385302797418,35.90010157825107,bus,work
p0061,2026-05-11 09:12:00,139.93545617517296,35.89979945898945,bus,work
p0062,2026-05-11 08:58:00,139.95091288923913,35.8933655139305,bus,work
p0062,2026-05-11 09:03:00,139.9491299982334,35.8948605683911,bus,work
p0062,2026-05-11 09:08:00,139.94672568316696,35.895836930150374,bus,work
p0062,2026-05-11 09:13:00,139.94473697608285,35.89630348094063,bus,work
p0062,2026-05-11 09:18:00,139.94289973186326,35.897538714592905,bus,work
p0062,2026-05-11 09:23:00,139.94055774578817,35.899015533750266,bus,work
p0062,2026-05-11 09:28:00,139.93742567897073,35.89900381054045,bus,work
p0062,2026-05-11 09:33:00,139.93596581830812,35.90037285877335,bus,work
p0063,2026-05-11 08:10:00,139.95025667888547,35.89319870541252,walk,work
p0063,2026-05-11 08:15:00,139.94977726941286,35.895130609681715,walk,work
p0063,2026-05-11 08:20:00,139.9464575699049,35.8953727458484,walk,work
p0063,2026-05-11 08:25:00,139.94409714391557,35.895832154355375,walk,work
p0063,2026-05-11 08:30:00,139.94253311820182,35.89715075180587,walk,work
p0063,2026-05-11 08:35:00,139.94051896011788,35.897939927952834,walk,work
p0063,2026-05-11 08:40:00,139.93818568292232,35.89955201948336,walk,work
p0063,2026-05-11 08:45:00,139.936664794319,35.90064611518556,walk,work
p0064,2026-05-11 08:40:00,139.95098478606158,35.89349627646319,walk,study
p0064,2026-05-11 08:45:00,139.94805205419684,35.8943893308034,walk,study
p0064,2026-05-11 08:50:00,139.9468072708268,35.89571453788317,walk,study
p0064,2026-05-11 08:55:00,139.94455084116044,35.897036122611716,walk,study
p0064,2026-05-11 09:00:00,139.94303909413264,35.89741017105926,walk,study
p0064,2026-05-11 09:05:00,139.9408946976726,35.89917682771981,walk,study
p0064,2026-05-11 09:10:00,139.93941078949894,35.89907020004171,walk,study
p0064,2026-05-11 09:15:00,139.93608306009997,35.90101972157536,walk,study
p0065,2026-05-11 09:00:00,139.93628121264118,35.90064707934832,walk,commute
p0065,2026-05-11 09:05:00,139.9384824929106,35.89927230273286,walk,commute
p0065,2026-05-11 09:10:00,139.94025374724936,35.89825068202745,walk,commute
p0065,2026-05-11 09:15:00,139.9421899349528,35.89829857150705,walk,commute
p0065,2026-05-11 09:20:00,139.94474816569632,35.89681036566905,walk,commute
p0065,2026-05-11 09:25:00,139.94642277228223,35.89543491516299,walk,commute
p0065,2026-05-11 09:30:00,139.9483503292798,35.893571902082776,walk,commute
p0065,2026-05-11 09:35:00,139.95007989582544,35.89286628346201,walk,commute
p0066,2026-05-11 08:36:00,139.95068000372456,35.893951697316815,walk,commute
p0066,2026-05-11 08:41:00,139.94885637073102,35.894773895589005,walk,commute
p0066,2026-05-11 08:46:00,139.946237453495,35.89568338283397,walk,commute
p0066,2026-05-11 08:51:00,139.94494220711962,35.89629817344772,walk,commute
p0066,2026-05-11 08:56:00,139.94283750745248,35.897698165715504,walk,commute
p0066,2026-05-11 09:01:00,139.94030984417762,35.8981070310487,walk,commute
p0066,2026-05-11 09:06:00,139.93799571367921,35.89953027693968,walk,commute
p0066,2026-05-11 09:11:00,139.93664715444095,35.90022261595934,walk,commute
p0067,2026-05-11 09:16:00,139.9367781858216,35.90104315804204,bus,commute
p0067,2026-05-11 09:21:00,139.93910321280308,35.89914954799854,bus,commute
p0067,2026-05-11 09:26:00,139.94131475665142,35.89831415822341,bus,commute
p0067,2026-05-11 09:31:00,139.94305590705133,35.89752379531912,bus,commute
p0067,2026-05-11 09:36:00,139.94442881849398,35.895867306099085,bus,commute
p0067,2026-05-11 09:41:00,139.94656565311328,35.89495421586765,bus,commute
p0067,2026-05-11 09:46:00,139.94910671322756,35.89503087743,bus,commute
p0067,2026-05-11 09:51:00,139.95034139005483,35.89360568975989,bus,commute
p0068,2026-05-11 08:33:00,139.95068265778218,35.89410887681468,walk,work
p0068,2026-05-11 08:38:00,139.948454423956,35.894849767716366,walk,work
p0068,2026-05-11 08:43:00,139.94668669317872,35.89577852230342,walk,work
p0068,2026-05-11 08:48:00,139.9444130647685,35.89648265440686,walk,work
p0068,2026-05-11 08:53:00,139.94253373979004,35.8972073800098,walk,work
p0068,2026-05-11 08:58:00,139.9408550795477,35.89872758715195,walk,work
p0068,2026-05-11 09:03:00,139.93879567104128,35.90003793797887,walk,work
p0068,2026-05-11 09:08:00,139.93715220516054,35.90036876935855,walk,work
p0069,2026-05-11 08:31:00,139.95071050989228,35.89329008769281,bike,study
p0069,2026-05-11 08:36:00,139.94940046021054,35.894627294352624,bike,study
p0069,2026-05-11 08:41:00,139.94654474403524,35.895917766500155,bike,study
p0069,2026-05-11 08:46:00,139.9436375087799,35.8957950640918,bike,study
p0069,2026-05-11 08:51:00,139.94294384168057,35.89752116395684,bike,study
p0069,2026-05-11 08:56:00,139.94066984369223,35.898035761363836,bike,study
p0069,2026-05-11 09:01:00,139.9385181162587,35.900201228293646,bike,study
p0069,2026-05-11 09:06:00,139.9368708898289,35.9005593972908,bike,study
p0070,2026-05-11 08:39:00,139.93661593818942,35.90079591908797,bus,commute
p0070,2026-05-11 08:44:00,139.93781954273135,35.89926850408769,bus,commute
p0070,2026-05-11 08:49:00,139.94003628377263,35.89816212708182,bus,commute
p0070,2026-05-11 08:54:00,139.94260978101778,35.89677045924576,bus,commute
p0070,2026-05-11 08:59:00,139.94489070741156,35.89676384927448,bus,commute
p0070,2026-05-11 09:04:00,139.94652986097827,35.89463175202151,bus,commute
p0070,2026-05-11 09:09:00,139.94822304018973,35.89493151567694,bus,commute
p0070,2026-05-11 09:14:00,139.9494499025737,35.893378366805734,bus,commute
p0071,2026-05-11 08:44:00,139.93619619872152,35.90064138390726,bike,work
p0071,2026-05-11 08:49:00,139.9387830286172,35.90014267904391,bike,work
p0071,2026-05-11 08:54:00,139.9404658189825,35.89863161552937,bike,work
p0071,2026-05-11 08:59:00,139.9419174393201,35.897916644747156,bike,work
p0071,2026-05-11 09:04:00,139.94427205673267,35.896303736042576,bike,work
p0071,2026-05-11 09:09:00,139.9466328456352,35.89495299047913,bike,work
p0071,2026-05-11 09:14:00,139.94877437508444,35.894838613195525,bike,work
p0071,2026-05-11 09:19:00,139.95083182022057,35.89294388585254,bike,work
p0072,2026-05-11 08:51:00,139.9360163552938,35.90080679026143,walk,study
p0072,2026-05-11 08:56:00,139.93865011437396,35.89964419005375,walk,study
p0072,2026-05-11 09:01:00,139.94139391552056,35.898663993472475,walk,study
p0072,2026-05-11 09:06:00,139.9428817638904,35.89844876093453,walk,study
p0072,2026-05-11 09:11:00,139.94451807366315,35.896220741032735,walk,study
p0072,2026-05-11 09:16:00,139.94683536552208,35.89565364686029,walk,study
p0072,2026-05-11 09:21:00,139.94843440664505,35.89413866104316,walk,study
p0072,2026-05-11 09:26:00,139.95173942998994,35.89361439521464,walk,study
p0073,2026-05-11 08:30:00,139.9506508846818,35.893411491493794,walk,commute
p0073,2026-05-11 08:35:00,139.94892445136378,35.89404784120612,walk,commute
p0073,2026-05-11 08:40:00,139.94680153938464,35.89616953418271,walk,commute
p0073,2026-05-11 08:45:00,139.9448240656623,35.89636832576368,walk,commute
p0073,2026-05-11 08:50:00,139.9423575169095,35.89735638100933,walk,commute
p0073,2026-05-11 08:55:00,139.94044285965202,35.89836776771353,walk,commute
p0073,2026-05-11 09:00:00,139.93894091157705,35.89889337681388,walk,commute
p0073,2026-05-11 09:05:00,139.93688790002267,35.9003671097162,walk,commute
p0074,2026-05-11 08:17:00,139.95126053573208,35.893835856684014,bike,commute
p0074,2026-05-11 08:22:00,139.9479897889223,35.89479019237488,bike,commute
p0074,2026-05-11 08:27:00,139.9468250419323,35.89493815506351,bike,commute
p0074,2026-05-11 08:32:00,139.9446033518916,35.896627587071166,bike,commute
p0074,2026-05-11 08:37:00,139.94283594815894,35.89756204147843,bike,commute
p0074,2026-05-11 08:42:00,139.9406881969947,35.899015763987286,bike,commute
p0074,2026-05-11 08:47:00,139.93908028668804,35.89849653076618,bike,commute
p0074,2026-05-11 08:52:00,139.93635715265032,35.90044237214036,bike,commute
p0075,2026-05-11 08:08:00,139.9512619409976,35.89311970124915,walk,study
p0075,2026-05-11 08:13:00,139.94882280899384,35.89417946178295,walk,study
p0075,2026-05-11 08:18:00,139.94634049673223,35.896017087771966,walk,study
p0075,2026-05-11 08:23:00,139.94437013469525,35.896661774371154,walk,study
p0075,2026-05-11 08:28:00,139.94174366613348,35.89815181114649,walk,study
p0075,2026-05-11 08:33:00,139.94082833645797,35.89843612505507,walk,study
p0075,2026-05-11 08:38:00,139.93878756735808,35.89900656319987,walk,study
p0075,2026-05-11 08:43:00,139.93703213883379,35.90038660532858,walk,study
p0076,2026-05-11 09:23:00,139.93681260177522,35.90058956739754,walk,commute
p0076,2026-05-11 09:28:00,139.9388218580922,35.899496921858685,walk,commute
p0076,2026-05-11 09:33:00,139.94078808277212,35.89835340293963,walk,commute
p0076,2026-05-11 09:38:00,139.94358909361435,35.89695122435425,walk,commute
p0076,2026-05-11 09:43:00,139.9451817075099,35.896978767607756,walk,commute
p0076,2026-05-11 09:48:00,139.94625938568018,35.8962802457637,walk,commute
p0076,2026-05-11 09:53:00,139.94911939919876,35.894839898652386,walk,commute
p0076,2026-05-11 09:58:00,139.95071260998418,35.89342397084463,walk,commute
p0077,2026-05-11 08:17:00,139.95133053382378,35.89356345997626,walk,commute
p0077,2026-05-11 08:22:00,139.948261278941,35.89478854947183,walk,commute
p0077,2026-05-11 08:27:00,139.94705737497875,35.895729130834965,walk,commute
p0077,2026-05-11 08:32:00,139.94494976022224,35.89640517515445,walk,commute
p0077,2026-05-11 08:37:00,139.9421676691605,35.89719613229928,walk,commute
p0077,2026-05-11 08:42:00,139.93982118439533,35.89858293201404,walk,commute
p0077,2026-05-11 08:47:00,139.93849101947612,35.89934600430342,walk,commute
p0077,2026-05-11 08:52:00,139.93516997152904,35.90006343888561,walk,commute
p0078,2026-05-11 09:22:00,139.95007419155652,35.89400354691883,walk,work
p0078,2026-05-11 09:27:00,139.9486066161244,35.89460151413877,walk,work
p0078,2026-05-11 09:32:00,139.9476894580492,35.89603075403521,walk,work
p0078,2026-05-11 09:37:00,139.94447633118472,35.8962923729353,walk,work
p0078,2026-05-11 09:42:00,139.94243921903052,35.89767846438697,walk,work
p0078,2026-05-11 09:47:00,139.94050979199673,35.89836166454925,walk,work
p0078,2026-05-11 09:52:00,139.9391888029914,35.89946002653788,walk,work
p0078,2026-05-11 09:57:00,139.93753481509185,35.90053175989731,walk,work
p0079,2026-05-11 08:06:00,139.95113333225797,35.89324638613197,walk,study
p0079,2026-05-11 08:11:00,139.94828723692126,35.89466089708426,walk,study
p0079,2026-05-11 08:16:00,139.947087706102,35.89551408977571,walk,study
p0079,2026-05-11 08:21:00,139.94403540871352,35.8960239095718,walk,study
p0079,2026-05-11 08:26:00,139.94194350290473,35.89688133226047,walk,study
p0079,2026-05-11 08:31:00,139.94060641126887,35.8988937653726,walk,study
p0079,2026-05-11 08:36:00,139.93852253432445,35.898708854834936,walk,study
p0079,2026-05-11 08:41:00,139.93641415779285,35.90044302035118,walk,study
p0080,2026-05-11 08:08:00,139.93726763370623,35.90065749241947,bike,work
p0080,2026-05-11 08:13:00,139.93878206231165,35.89954010455296,bike,work
p0080,2026-05-11 08:18:00,139.94070561744954,35.89877216333559,bike,work
p0080,2026-05-11 08:23:00,139.94222144544221,35.89780732050262,bike,work
p0080,2026-05-11 08:28:00,139.9439964343567,35.89661492879049,bike,work
p0080,2026-05-11 08:33:00,139.94672329057636,35.89528429741914,bike,work
p0080,2026-05-11 08:38:00,139.94866122019752,35.89428211094657,bike,work
p0080,2026-05-11 08:43:00,139.9502177344029,35.89337623484044,bike,work
p0081,2026-05-11 08:13:00,139.95018246152765,35.89374919195805,walk,work
p0081,2026-05-11 08:18:00,139.94813976299085,35.894301796779544,walk,work
p0081,2026-05-11 08:23:00,139.94636178560918,35.89596380135511,walk,work
p0081,2026-05-11 08:28:00,139.94476291618983,35.89642589316911,walk,work
p0081,2026-05-11 08:33:00,139.9428101380342,35.89676248267843,walk,work
p0081,2026-05-11 08:38:00,139.9405377327418,35.89919912996223,walk,work
p0081,2026-05-11 08:43:00,139.93858812735647,35.89952376960921,walk,work
p0081,2026-05-11 08:48:00,139.93674665777084,35.90081346183516,walk,work
p0082,2026-05-11 09:21:00,139.95037830554716,35.89395920884178,walk,study
p0082,2026-05-11 09:26:00,139.94852960009598,35.8938229142425,walk,study
p0082,2026-05-11 09:31:00,139.9460722508803,35.89453761339313,walk,study
p0082,2026-05-11 09:36:00,139.9445089292225,35.89643406555546,walk,study
p0082,2026-05-11 09:41:00,139.94239470606632,35.89787760766366,walk,study
p0082,2026-05-11 09:46:00,139.94109647678357,35.89844036405182,walk,study
p0082,2026-05-11 09:51:00,139.93756795927823,35.899716048553174,walk,study
p0082,2026-05-11 09:56:00,139.9367499121028,35.90060828704956,walk,study
p0083,2026-05-11 09:08:00,139.95160393992379,35.89316420028641,bus,work
p0083,2026-05-11 09:13:00,139.94900857888868,35.893909428306955,bus,work
p0083,2026-05-11 09:18:00,139.9462242380336,35.89603072902636,bus,work
p0083,2026-05-11 09:23:00,139.94449688079393,35.8967939729118,bus,work
p0083,2026-05-11 09:28:00,139.94269234421063,35.8974632646454,bus,work
p0083,2026-05-11 09:33:00,139.94117087550336,35.89841716941137,bus,work
p0083,2026-05-11 09:38:00,139.93772723928018,35.89921886596782,bus,work
p0083,2026-05-11 09:43:00,139.93674803627792,35.90063842818723,bus,work
p0084,2026-05-11 09:07:00,139.95053553868266,35.89301843024399,walk,study
p0084,2026-05-11 09:12:00,139.94838866157278,35.89424498633016,walk,study
p0084,2026-05-11 09:17:00,139.94699004710978,35.89578319245885,walk,study
p0084,2026-05-11 09:22:00,139.94454867100816,35.89636278607145,walk,study
p0084,2026-05-11 09:27:00,139.94264868022614,35.89721419871239,walk,study
p0084,2026-05-11 09:32:00,139.94004106842016,35.898170922576874,walk,study
p0084,2026-05-11 09:37:00,139.93824290550478,35.89909278417008,walk,study
p0084,2026-05-11 09:42:00,139.93657292680157,35.90075540048583,walk,study
p0085,2026-05-11 09:25:00,139.95060102889215,35.89361952803994,bus,commute
p0085,2026-05-11 09:30:00,139.9486656061258,35.89399124025203,bus,commute
p0085,2026-05-11 09:35:00,139.9460747819584,35.89551029825146,bus,commute
p0085,2026-05-11 09:40:00,139.94507723712817,35.89572503442014,bus,commute
p0085,2026-05-11 09:45:00,139.94274129124662,35.89791636770185,bus,commute
p0085,2026-05-11 09:50:00,139.94048828121285,35.89869257087361,bus,commute
p0085,2026-05-11 09:55:00,139.93821219034217,35.89945822183026,bus,commute
p0085,2026-05-11 10:00:00,139.93577058891677,35.89967947984206,bus,commute
p0086,2026-05-11 08:15:00,139.95007610098605,35.893006510603925,walk,study
p0086,2026-05-11 08:20:00,139.9485932016064,35.894244647982056,walk,study
p0086,2026-05-11 08:25:00,139.946812944092,35.89565838844665,walk,study
p0086,2026-05-11 08:30:00,139.94475866805513,35.89658351027683,walk,study
p0086,2026-05-11 08:35:00,139.94329570997795,35.89712634218083,walk,study
p0086,2026-05-11 08:40:00,139.94053242216734,35.89889644143718,walk,study
p0086,2026-05-11 08:45:00,139.93909761434278,35.899002382722735,walk,study
p0086,2026-05-11 08:50:00,139.93635944005126,35.90097534238355,walk,study
p0087,2026-05-11 08:36:00,139.95060204188798,35.89336566967601,walk,work
p0087,2026-05-11 08:41:00,139.9488011271498,35.894411669056254,walk,work
p0087,2026-05-11 08:46:00,139.9466236967634,35.89552750954714,walk,work
p0087,2026-05-11 08:51:00,139.94430915352646,35.89668624528086,walk,work
p0087,2026-05-11 08:56:00,139.9438971243775,35.896878054676236,walk,work
p0087,2026-05-11 09:01:00,139.94070294849303,35.89823393346898,walk,work
p0087,2026-05-11 09:06:00,139.93878840258847,35.89951629511567,walk,work
p0087,2026-05-11 09:11:00,139.9368428346483,35.90091142730178,walk,work
p0088,2026-05-11 08:55:00,139.95141570353408,35.893631271753165,bike,commute
p0088,2026-05-11 09:00:00,139.94915645808152,35.89407304348931,bike,commute
p0088,2026-05-11 09:05:00,139.94626901069614,35.89555107840295,bike,commute
p0088,2026-05-11 09:10:00,139.9446066186641,35.896599074005806,bike,commute
p0088,2026-05-11 09:15:00,139.94307374610813,35.89688217288965,bike,commute
p0088,2026-05-11 09:20:00,139.9409953614394,35.89850289866848,bike,commute
p0088,2026-05-11 09:25:00,139.93843686959107,35.89898510966797,bike,commute
p0088,2026-05-11 09:30:00,139.93672637190076,35.89965506225214,bike,commute
p0089,2026-05-11 09:16:00,139.93652405606068,35.90045829090693,bike,commute
p0089,2026-05-11 09:21:00,139.93905486359486,35.89943747069085,bike,commute
p0089,2026-05-11 09:26:00,139.94024478050463,35.89832268905641,bike,commute
p0089,2026-05-11 09:31:00,139.94315851153166,35.89768770393921,bike,commute
p0089,2026-05-11 09:36:00,139.94444075222262,35.896417243753014,bike,commute
p0089,2026-05-11 09:41:00,139.9459376274521,35.89563596597031,bike,commute
p0089,2026-05-11 09:46:00,139.94787951150298,35.894763128763046,bike,commute
p0089,2026-05-11 09:51:00,139.95075787971663,35.894335433129854,bike,commute
p0090,2026-05-11 08:31:00,139.95123612533814,35.89325632578195,bus,study
p0090,2026-05-11 08:36:00,139.9487722139142,35.894500699774746,bus,study
p0090,2026-05-11 08:41:00,139.9467697372832,35.89525546184741,bus,study
p0090,2026-05-11 08:46:00,139.94457409153307,35.895940681668655,bus,study
p0090,2026-05-11 08:51:00,139.94264651983906,35.8976575072357,bus,study
p0090,2026-05-11 08:56:00,139.94045480412143,35.8979347321883,bus,study
p0090,2026-05-11 09:01:00,139.93897341076686,35.8996275837633,bus,study
p0090,2026-05-11 09:06:00,139.93617329320602,35.900401789843606,bus,study
p0091,2026-05-11 08:42:00,139.95045798489414,35.8939299472843,bike,work
p0091,2026-05-11 08:47:00,139.94838365204552,35.89472407478077,bike,work
p0091,2026-05-11 08:52:00,139.9464006148516,35.8955867816463,bike,work
p0091,2026-05-11 08:57:00,139.94455065773832,35.896805569810034,bike,work
p0091,2026-05-11 09:02:00,139.9423450491835,35.8969496151125,bike,work
p0091,2026-05-11 09:07:00,139.93993526579303,35.898313842877116,bike,work
p0091,2026-05-11 09:12:00,139.93796649444178,35.89964357420549,bike,work
p0091,2026-05-11 09:17:00,139.9362904043258,35.90133111229251,bike,work
p0092,2026-05-11 08:36:00,139.95047796939684,35.89354949681567,walk,study
p0092,2026-05-11 08:41:00,139.94762501145274,35.89458288914088,walk,study
p0092,2026-05-11 08:46:00,139.9474991655009,35.895341296595575,walk,study
p0092,2026-05-11 08:51:00,139.94473119924984,35.8968587225926,walk,study
p0092,2026-05-11 08:56:00,139.9425119352107,35.897296663934014,walk,study
p0092,2026-05-11 09:01:00,139.93953306147546,35.898724346751784,walk,study
p0092,2026-05-11 09:06:00,139.9384776456442,35.899145560652016,walk,study
p0092,2026-05-11 09:11:00,139.93655696851962,35.90029571187512,walk,study
p0093,2026-05-11 09:26:00,139.9500977279149,35.893866560350126,bike,commute
p0093,2026-05-11 09:31:00,139.94804246979803,35.89426805450707,bike,commute
p0093,2026-05-11 09:36:00,139.9475081829302,35.89589457416658,bike,commute
p0093,2026-05-11 09:41:00,139.9446582075109,35.89617081442458,bike,commute
p0093,2026-05-11 09:46:00,139.9423475417477,35.89752564636011,bike,commute
p0093,2026-05-11 09:51:00,139.9405740283117,35.89846819517463,bike,commute
p0093,2026-05-11 09:56:00,139.93851469679723,35.89942496871161,bike,commute
p0093,2026-05-11 10:01:00,139.93585110956894,35.900319221240245,bike,commute
p0094,2026-05-11 08:15:00,139.95033111073207,35.89353897265029,walk,commute
p0094,2026-05-11 08:20:00,139.94849654363995,35.89501708778274,walk,commute
p0094,2026-05-11 08:25:00,139.94687081956226,35.89504086889198,walk,commute
p0094,2026-05-11 08:30:00,139.94491633831953,35.89622887185031,walk,commute
p0094,2026-05-11 08:35:00,139.9423260659186,35.89760983665704,walk,commute
p0094,2026-05-11 08:40:00,139.94033585651826,35.89881249953571,walk,commute
p0094,2026-05-11 08:45:00,139.9381800419009,35.8992833687066,walk,commute
p0094,2026-05-11 08:50:00,139.9362046330979,35.90030202643808,walk,commute
p0095,2026-05-11 08:15:00,139.95146947477932,35.89429367547137,walk,study
p0095,2026-05-11 08:20:00,139.94820760590707,35.89452464669456,walk,study
p0095,2026-05-11 08:25:00,139.9461135670004,35.89522783792529,walk,study
p0095,2026-05-11 08:30:00,139.9443307485847,35.896129995794055,walk,study
p0095,2026-05-11 08:35:00,139.94211236501292,35.897449500467516,walk,study
p0095,2026-05-11 08:40:00,139.94000961956885,35.8987947444357,walk,study
p0095,2026-05-11 08:45:00,139.93811558233674,35.900483349139535,walk,study
p0095,2026-05-11 08:50:00,139.93629687699706,35.90052520617467,walk,study
p0096,2026-05-11 08:48:00,139.95083361214185,35.89302861910793,walk,commute
p0096,2026-05-11 08:53:00,139.94876622866641,35.894107499133895,walk,commute
p0096,2026-05-11 08:58:00,139.94730091701143,35.895783218156154,walk,commute
p0096,2026-05-11 09:03:00,139.94465723328162,35.89564726851787,walk,commute
p0096,2026-05-11 09:08:00,139.94214317709532,35.89774071639606,walk,commute
p0096,2026-05-11 09:13:00,139.94110294051842,35.89888820943402,walk,commute
p0096,2026-05-11 09:18:00,139.93781216557755,35.89960554330739,walk,commute
p0096,2026-05-11 09:23:00,139.9369569818474,35.899919582552045,walk,commute
p0097,2026-05-11 08:55:00,139.9363646559368,35.89985174335061,bus,study
p0097,2026-05-11 09:00:00,139.93838200727905,35.89938544309941,bus,study
p0097,2026-05-11 09:05:00,139.94049051027508,35.8983027850011,bus,study
p0097,2026-05-11 09:10:00,139.94238635881675,35.89748610280118,bus,study
p0097,2026-05-11 09:15:00,139.94481339028653,35.896393450633006,bus,study
p0097,2026-05-11 09:20:00,139.9464585151251,35.89553232391339,bus,study
p0097,2026-05-11 09:25:00,139.94780701640477,35.89466696229453,bus,study
p0097,2026-05-11 09:30:00,139.95069974660632,35.89351389273431,bus,study
p0098,2026-05-11 08:32:00,139.9508232117304,35.893497509100705,bike,work
p0098,2026-05-11 08:37:00,139.94874800819588,35.89433825552369,bike,work
p0098,2026-05-11 08:42:00,139.9469418162963,35.895826423595054,bike,work
p0098,2026-05-11 08:47:00,139.94483207774658,35.89640871003956,bike,work
p0098,2026-05-11 08:52:00,139.94163725406128,35.897769232672815,bike,work
p0098,2026-05-11 08:57:00,139.94110692075694,35.89872559544419,bike,work
p0098,2026-05-11 09:02:00,139.93813273233627,35.899735828037784,bike,work
p0098,2026-05-11 09:07:00,139.93688723836857,35.90104558568673,bike,work
p0099,2026-05-11 08:20:00,139.95103627242304,35.893520093525005,bike,work
p0099,2026-05-11 08:25:00,139.9481686311505,35.89464511569976,bike,work
p0099,2026-05-11 08:30:00,139.9469032548781,35.89553078701372,bike,work
p0099,2026-05-11 08:35:00,139.94471309893152,35.896409452934414,bike,work
p0099,2026-05-11 08:40:00,139.94325093980677,35.8971847577357,bike,work
p0099,2026-05-11 08:45:00,139.94029284851388,35.898503844929735,bike,work
p0099,2026-05-11 08:50:00,139.93892410074105,35.89897591939047,bike,work
p0099,2026-05-11 08:55:00,139.9359103664626,35.899786795022294,bike,work
p0100,2026-05-11 09:28:00,139.95099762018546,35.89327546004773,walk,commute
p0100,2026-05-11 09:33:00,139.94877550548168,35.89439523173229,walk,commute
p0100,2026-05-11 09:38:00,139.94694530858467,35.89566629482358,walk,commute
p0100,2026-05-11 09:43:00,139.94430291555102,35.896440971886314,walk,commute
p0100,2026-05-11 09:48:00,139.9430553988147,35.89763768190459,walk,commute
p0100,2026-05-11 09:53:00,139.93992850993115,35.898729466321406,walk,commute
p0100,2026-05-11 09:58:00,139.93804049664848,35.89999437957449,walk,commute
p0100,2026-05-11 10:03:00,139.93696084447794,35.90060145991657,walk,commute
p0101,2026-05-11 08:01:00,139.93680533577813,35.90037022764069,walk,commute
p0101,2026-05-11 08:06:00,139.93863457787037,35.899805177028284,walk,commute
p0101,2026-05-11 08:11:00,139.94030432991255,35.898284332541,walk,commute
p0101,2026-05-11 08:16:00,139.94204824981938,35.89712743453886,walk,commute
p0101,2026-05-11 08:21:00,139.94379150782416,35.896755440076156,walk,commute
p0101,2026-05-11 08:26:00,139.9474568686868,35.89599886513022,walk,commute
p0101,2026-05-11 08:31:00,139.94793969055155,35.894753699135045,walk,commute
p0101,2026-05-11 08:36:00,139.9513399478575,35.89334011650674,walk,commute
p0102,2026-05-11 08:29:00,139.93602139812174,35.90056987225627,walk,study
p0102,2026-05-11 08:34:00,139.9378260301136,35.89969000037857,walk,study
p0102,2026-05-11 08:39:00,139.94101817356108,35.8982258870484,walk,study
p0102,2026-05-11 08:44:00,139.94207409912408,35.896745391935106,walk,study
p0102,2026-05-11 08:49:00,139.94449439962395,35.896296442123,walk,study
p0102,2026-05-11 08:54:00,139.94594489840733,35.89565855656471,walk,study
p0102,2026-05-11 08:59:00,139.9484689418996,35.89412349241447,walk,study
p0102,2026-05-11 09:04:00,139.95045044241746,35.893874956588625,walk,study
p0103,2026-05-11 08:57:00,139.9509785972583,35.89309368081527,walk,commute
p0103,2026-05-11 09:02:00,139.94868599511676,35.89455156281567,walk,commute
p0103,2026-05-11 09:07:00,139.94643143071406,35.89565241041759,walk,commute
p0103,2026-05-11 09:12:00,139.94426309065972,35.89667843724772,walk,commute
p0103,2026-05-11 09:17:00,139.9428340507329,35.89647899404176,walk,commute
p0103,2026-05-11 09:22:00,139.9410927804237,35.897433328602126,walk,commute
p0103,2026-05-11 09:27:00,139.93825134936708,35.89985887181199,walk,commute
p0103,2026-05-11 09:32:00,139.93635722097363,35.89998683490614,walk,commute
p0104,2026-05-11 09:03:00,139.93700804599544,35.900480714265335,bus,commute
p0104,2026-05-11 09:08:00,139.9379919935299,35.8992959097247,bus,commute
p0104,2026-05-11 09:13:00,139.94009939190363,35.8988031788203,bus,commute
p0104,2026-05-11 09:18:00,139.9429153068001,35.896898293603144,bus,commute
p0104,2026-05-11 09:23:00,139.94443266926095,35.89619788501818,bus,commute
p0104,2026-05-11 09:28:00,139.9472249366287,35.89502746530866,bus,commute
p0104,2026-05-11 09:33:00,139.94939333166855,35.89448834684117,bus,commute
p0104,2026-05-11 09:38:00,139.95017712951713,35.8932629540356,bus,commute
p0105,2026-05-11 09:16:00,139.9507426720869,35.89307022955726,walk,work
p0105,2026-05-11 09:21:00,139.9476902637775,35.894367113235205,walk,work
p0105,2026-05-11 09:26:00,139.94583157185448,35.89523674369618,walk,work
p0105,2026-05-11 09:31:00,139.94420518941442,35.896195074374795,walk,work
p0105,2026-05-11 09:36:00,139.94348614768143,35.89751974404851,walk,work
p0105,2026-05-11 09:41:00,139.94066755981117,35.89787826059628,walk,work
p0105,2026-05-11 09:46:00,139.93823428801844,35.89957535592048,walk,work
p0105,2026-05-11 09:51:00,139.9360389619892,35.90081782199523,walk,work
p0106,2026-05-11 08:22:00,139.95077394429674,35.893275828474856,bus,commute
p0106,2026-05-11 08:27:00,139.94854952643925,35.894417354467876,bus,commute
p0106,2026-05-11 08:32:00,139.94631238265205,35.89566978285398,bus,commute
p0106,2026-05-11 08:37:00,139.94472156048298,35.896468985119164,bus,commute
p0106,2026-05-11 08:42:00,139.94239200803565,35.89777879041068,bus,commute
p0106,2026-05-11 08:47:00,139.9404510174474,35.89839265594926,bus,commute
p0106,2026-05-11 08:52:00,139.93857568194204,35.90009380533904,bus,commute
p0106,2026-05-11 08:57:00,139.93589683970637,35.90076944991257,bus,commute
p0107,2026-05-11 08:10:00,139.93720878727243,35.90067103398356,walk,commute
p0107,2026-05-11 08:15:00,139.93860535271392,35.899303842685924,walk,commute
p0107,2026-05-11 08:20:00,139.94057111409734,35.898411778014605,walk,commute
p0107,2026-05-11 08:25:00,139.94223202481214,35.897398543534585,walk,commute
p0107,2026-05-11 08:30:00,139.94470355723658,35.89623147402602,walk,commute
p0107,2026-05-11 08:35:00,139.94628003032358,35.89502391479685,walk,commute
p0107,2026-05-11 08:40:00,139.94884725483317,35.89469086314169,walk,commute
p0107,2026-05-11 08:45:00,139.95080424719993,35.893837809672455,walk,commute
p0108,2026-05-11 09:21:00,139.95065880699127,35.89331421236016,walk,work
p0108,2026-05-11 09:26:00,139.94966779724854,35.89434181715705,walk,work
p0108,2026-05-11 09:31:00,139.94634321217288,35.895651903438214,walk,work
p0108,2026-05-11 09:36:00,139.94472762020118,35.89600832295834,walk,work
p0108,2026-05-11 09:41:00,139.94309091950026,35.89746703189863,walk,work
p0108,2026-05-11 09:46:00,139.94005722386427,35.898916074440024,walk,work
p0108,2026-05-11 09:51:00,139.9388101254358,35.899057410302824,walk,work
p0108,2026-05-11 09:56:00,139.93729973227812,35.90073057907893,walk,work
p0109,2026-05-11 09:10:00,139.93721559846253,35.90055575422434,walk,commute
p0109,2026-05-11 09:15:00,139.93851593404477,35.8992688949594,walk,commute
p0109,2026-05-11 09:20:00,139.9408189755548,35.89866681103856,walk,commute
p0109,2026-05-11 09:25:00,139.94259232034867,35.89722350477615,walk,commute
p0109,2026-05-11 09:30:00,139.94467275414866,35.89647557042499,walk,commute
p0109,2026-05-11 09:35:00,139.94604279369943,35.89498486567704,walk,commute
p0109,2026-05-11 09:40:00,139.9489257475919,35.89358933908973,walk,commute
p0109,2026-05-11 09:45:00,139.95079243473714,35.89333267092979,walk,commute
p0110,2026-05-11 08:20:00,139.95052138877145,35.89353981185372,walk,work
p0110,2026-05-11 08:25:00,139.94900300501035,35.89433810549929,walk,work
p0110,2026-05-11 08:30:00,139.9470913068409,35.89515220574302,walk,work
p0110,2026-05-11 08:35:00,139.94474685249344,35.89682292390298,walk,work
p0110,2026-05-11 08:40:00,139.94288273115703,35.89817075570686,walk,work
p0110,2026-05-11 08:45:00,139.94021359516435,35.898017297762024,walk,work
p0110,2026-05-11 08:50:00,139.93808112062976,35.8997311548983,walk,work
p0110,2026-05-11 08:55:00,139.93672406532042,35.900535789830876,walk,work
p0111,2026-05-11 08:27:00,139.95014888285007,35.893905632353835,bus,commute
p0111,2026-05-11 08:32:00,139.94995727586183,35.8946282579013,bus,commute
p0111,2026-05-11 08:37:00,139.94690525580393,35.89532749908089,bus,commute
p0111,2026-05-11 08:42:00,139.9437996897198,35.89628904822294,bus,commute
p0111,2026-05-11 08:47:00,139.9420939114272,35.89699354839826,bus,commute
p0111,2026-05-11 08:52:00,139.94133220483104,35.89859550188131,bus,commute
p0111,2026-05-11 08:57:00,139.93869943083985,35.899391842172186,bus,commute
p0111,2026-05-11 09:02:00,139.93642220801289,35.90083759273878,bus,commute
p0112,2026-05-11 08:06:00,139.93634603119918,35.90000758004204,bike,study
p0112,2026-05-11 08:11:00,139.9376385843505,35.89940845333463,bike,study
p0112,2026-05-11 08:16:00,139.94058256636853,35.89804985448715,bike,study
p0112,2026-05-11 08:21:00,139.94257020059644,35.89751881339705,bike,study
p0112,2026-05-11 08:26:00,139.94364408211158,35.89617970636918,bike,study
p0112,2026-05-11 08:31:00,139.94682612589506,35.89563547055529,bike,study
p0112,2026-05-11 08:36:00,139.94815227485904,35.89455545681768,bike,study
p0112,2026-05-11 08:41:00,139.95116008325144,35.89377197553565,bike,study
p0113,2026-05-11 08:23:00,139.95041679498206,35.89366373692402,bus,study
p0113,2026-05-11 08:28:00,139.94875922535934,35.89472029140214,bus,study
p0113,2026-05-11 08:33:00,139.94670220035877,35.89578656738263,bus,study
p0113,2026-05-11 08:38:00,139.94465685235411,35.89677464105065,bus,study
p0113,2026-05-11 08:43:00,139.94297758453237,35.897218415679426,bus,study
p0113,2026-05-11 08:48:00,139.93974347803604,35.8990402224996,bus,study
p0113,2026-05-11 08:53:00,139.9386440678574,35.89889992993658,bus,study
p0113,2026-05-11 08:58:00,139.93617878122626,35.90077015600233,bus,study
p0114,2026-05-11 09:06:00,139.95022872078414,35.89322064632479,bus,work
p0114,2026-05-11 09:11:00,139.9487665524852,35.89463665922622,bus,work
p0114,2026-05-11 09:16:00,139.94686621150834,35.8958189333156,bus,work
p0114,2026-05-11 09:21:00,139.94470364609361,35.896671284378634,bus,work
p0114,2026-05-11 09:26:00,139.94246907011902,35.89752194440614,bus,work
p0114,2026-05-11 09:31:00,139.94060553323814,35.89857528434754,bus,work
p0114,2026-05-11 09:36:00,139.938876214342,35.899694300988685,bus,work
p0114,2026-05-11 09:41:00,139.9365198976513,35.90021680590527,bus,work
p0115,2026-05-11 08:54:00,139.95078693171092,35.894272283857504,walk,study
p0115,2026-05-11 08:59:00,139.94843573082107,35.894647801156694,walk,study
p0115,2026-05-11 09:04:00,139.94712366507315,35.895534300669944,walk,study
p0115,2026-05-11 09:09:00,139.94566631601793,35.8963676862479,walk,study
p0115,2026-05-11 09:14:00,139.94273155443577,35.89722041798929,walk,study
p0115,2026-05-11 09:19:00,139.9403989567263,35.898587126868634,walk,study
p0115,2026-05-11 09:24:00,139.93890940825662,35.899611683191914,walk,study
p0115,2026-05-11 09:29:00,139.9370666016822,35.90046676214129,walk,study
p0116,2026-05-11 09:24:00,139.95037623330433,35.89325700768322,walk,study
p0116,2026-05-11 09:29:00,139.9482472226099,35.89482779927455,walk,study
p0116,2026-05-11 09:34:00,139.94647888736108,35.895544576866484,walk,study
p0116,2026-05-11 09:39:00,139.94458570681078,35.896756022342785,walk,study
p0116,2026-05-11 09:44:00,139.9422046794439,35.89712354969985,walk,study
p0116,2026-05-11 09:49:00,139.94065807664535,35.89871033574964,walk,study
p0116,2026-05-11 09:54:00,139.93867821096947,35.899216691194816,walk,study
p0116,2026-05-11 09:59:00,139.93680486817894,35.900239648675516,walk,study
p0117,2026-05-11 08:50:00,139.93708552125688,35.90072169753936,bus,commute
p0117,2026-05-11 08:55:00,139.93880081844765,35.899936523997404,bus,commute
p0117,2026-05-11 09:00:00,139.94182283501883,35.89790177086363,bus,commute
p0117,2026-05-11 09:05:00,139.94225344482433,35.89728433872054,bus,commute
p0117,2026-05-11 09:10:00,139.94423141688424,35.89612284586334,bus,commute
p0117,2026-05-11 09:15:00,139.94650801326407,35.89507418869965,bus,commute
p0117,2026-05-11 09:20:00,139.94882219763682,35.894518094412504,bus,commute
p0117,2026-05-11 09:25:00,139.95091646289916,35.89367770495808,bus,commute
p0118,2026-05-11 08:10:00,139.9366054940024,35.89984813033658,bus,commute
p0118,2026-05-11 08:15:00,139.938077502343,35.89889082395384,bus,commute
p0118,2026-05-11 08:20:00,139.94056494344025,35.89845736817158,bus,commute
p0118,2026-05-11 08:25:00,139.94237492272165,35.898203824139344,bus,commute
p0118,2026-05-11 08:30:00,139.94486132800762,35.89675413442651,bus,commute
p0118,2026-05-11 08:35:00,139.9462238740733,35.89515029928804,bus,commute
p0118,2026-05-11 08:40:00,139.94868799104603,35.89456055249888,bus,commute
p0118,2026-05-11 08:45:00,139.9498646597948,35.893436892542006,bus,commute
p0119,2026-05-11 08:30:00,139.95033397431445,35.89331116268633,walk,study
p0119,2026-05-11 08:35:00,139.94859184193433,35.894531780008265,walk,study
p0119,2026-05-11 08:40:00,139.946915013355,35.895878299671736,walk,study
p0119,2026-05-11 08:45:00,139.9444818292387,35.89634034533136,walk,study
p0119,2026-05-11 08:50:00,139.9427826593388,35.89771379572075,walk,study
p0119,2026-05-11 08:55:00,139.94036175266217,35.898776637716935,walk,study
p0119,2026-05-11 09:00:00,139.9389693848321,35.899952090262985,walk,study
p0119,2026-05-11 09:05:00,139.93730024440802,35.90019675435147,walk,study
